{
  "summary": {
    "n_planets": 8,
    "checkpoint": "/workspace/runs/fmpe_pg_char5_publishable_v2/checkpoints/latest.pt",
    "detector_checkpoint": "/workspace/runs/fmpe_pg_char5_publishable_v2/checkpoints/best_detection.pt",
    "detection": {
      "threshold": 0.9,
      "n_detected": 6,
      "detected_fraction": 0.75,
      "median_p_detect": 0.9999194741249084
    },
    "per_param": {
      "P": {
        "n": 8,
        "median_frac_err": 1.8615500036181316e-08,
        "coverage_68": 0.0,
        "coverage_95": 0.0,
        "mean_abs_z": NaN
      },
      "RpRs": {
        "n": 8,
        "median_frac_err": 0.2690490019045488,
        "coverage_68": 0.375,
        "coverage_95": 0.625,
        "mean_abs_z": 2.283108610377157
      },
      "aRs": {
        "n": 8,
        "median_frac_err": 0.2581426167988409,
        "coverage_68": 0.125,
        "coverage_95": 0.625,
        "mean_abs_z": 1.7786340319029246
      },
      "b": {
        "n": 7,
        "median_frac_err": 0.47462376621669966,
        "coverage_68": 0.42857142857142855,
        "coverage_95": 0.7142857142857143,
        "mean_abs_z": 1.800557230060497
      }
    },
    "detected_per_param": {
      "P": {
        "n": 6,
        "median_frac_err": 1.923708490514037e-08,
        "coverage_68": 0.0,
        "coverage_95": 0.0,
        "mean_abs_z": 134120578.16666667
      },
      "RpRs": {
        "n": 6,
        "median_frac_err": 0.47917950327241,
        "coverage_68": 0.16666666666666666,
        "coverage_95": 0.5,
        "mean_abs_z": 2.944401744440309
      },
      "aRs": {
        "n": 6,
        "median_frac_err": 0.20869266472646275,
        "coverage_68": 0.16666666666666666,
        "coverage_95": 0.5,
        "mean_abs_z": 1.871332059364474
      },
      "b": {
        "n": 6,
        "median_frac_err": 0.5462837075752485,
        "coverage_68": 0.3333333333333333,
        "coverage_95": 0.6666666666666666,
        "mean_abs_z": 2.0761697570751405
      }
    },
    "mcmc_agreement": {
      "P": {
        "n": 6,
        "median_wasserstein": 9.53149781324214e-08,
        "median_wasserstein_prior_fraction": 7.625198250593712e-09,
        "median_wasserstein_width_fraction": 95314.97813242141
      },
      "RpRs": {
        "n": 6,
        "median_wasserstein": 0.016489407417327545,
        "median_wasserstein_prior_fraction": 0.11778148155233963,
        "median_wasserstein_width_fraction": 1.435496412648805
      },
      "aRs": {
        "n": 6,
        "median_wasserstein": 2.5048304303652946,
        "median_wasserstein_prior_fraction": 0.053294264475857334,
        "median_wasserstein_width_fraction": 0.7985762716573361
      },
      "b": {
        "n": 6,
        "median_wasserstein": 0.22508821712467544,
        "median_wasserstein_prior_fraction": 0.2046256519315231,
        "median_wasserstein_width_fraction": 0.4261648909236442
      }
    },
    "mcmc_conditioning": {
      "ephemeris_fixed": true,
      "acceptance_fraction_median": 0.26612499999999994
    },
    "gate_status": {
      "detected_fraction_ge_0.9": false,
      "archive_detected_char_cov68_ge_0.5": false,
      "archive_detected_char_cov95_ge_0.8": false,
      "mcmc_characterization_prior_fraction_le_0.1": false,
      "mcmc_characterization_width_fraction_le_0.5_diagnostic": false
    }
  },
  "records": [
    {
      "name": "TOI-1807 b",
      "p_detect": 0.9999996423721313,
      "params": {
        "P": {
          "published": 0.54937097,
          "post_median": 0.5493709939699671,
          "post_std": 2.220446049250313e-16,
          "z": 107951135.0,
          "frac_err": 4.363165953651268e-08,
          "in_68": false,
          "in_95": false
        },
        "RpRs": {
          "published": 0.01839503,
          "post_median": 0.01783980722111668,
          "post_std": 0.0013624135203341326,
          "z": -0.4075288233686578,
          "frac_err": 0.030183303799087038,
          "in_68": true,
          "in_95": true
        },
        "aRs": {
          "published": 2.57,
          "post_median": 3.055653408769292,
          "post_std": 0.2855119588274684,
          "z": 1.700991477778229,
          "frac_err": 0.18897019796470518,
          "in_68": false,
          "in_95": false
        },
        "b": {
          "published": 0.489226,
          "post_median": 0.07459611459140375,
          "post_std": 0.11133122469015852,
          "z": -3.72429106535508,
          "frac_err": 0.8475221787243447,
          "in_68": false,
          "in_95": false
        }
      },
      "mcmc_wasserstein": {
        "P": 2.396996712228372e-08,
        "RpRs": 0.0005671311746555834,
        "aRs": 0.8300874307457671,
        "b": 0.29460010705462936
      },
      "mcmc_wasserstein_width_fraction": {
        "P": 23969.96712228372,
        "RpRs": 0.21633759521985638,
        "aRs": 0.9095066856582243,
        "b": 0.5911788018940443
      },
      "mcmc_backend": "emcee",
      "mcmc_acceptance_fraction": 0.24259375,
      "mcmc_fixed": {
        "0": 0.54937097,
        "1": 0.5234375000001311
      }
    },
    {
      "name": "TOI-913 b",
      "p_detect": 0.9999963045120239,
      "params": {
        "P": {
          "published": 11.098644,
          "post_median": 11.09864350576667,
          "post_std": 1.7763568394002505e-15,
          "z": -278228630.0,
          "frac_err": 4.453096520777328e-08,
          "in_68": false,
          "in_95": false
        },
        "RpRs": {
          "published": 0.0306,
          "post_median": 0.03534370329146204,
          "post_std": 0.004650949612731678,
          "z": 1.0199429549777224,
          "frac_err": 0.15502298338111245,
          "in_68": false,
          "in_95": true
        },
        "aRs": {
          "published": 24.352,
          "post_median": 21.595476468669464,
          "post_std": 3.6835387951703638,
          "z": -0.748335686037765,
          "frac_err": 0.11319495447316592,
          "in_68": false,
          "in_95": true
        },
        "b": {
          "published": 0.387,
          "post_median": 0.4298968361474609,
          "post_std": 0.24676401400435033,
          "z": 0.17383748728736687,
          "frac_err": 0.1108445378487361,
          "in_68": true,
          "in_95": true
        }
      },
      "mcmc_wasserstein": {
        "P": 4.942333298174617e-07,
        "RpRs": 0.00512068612118737,
        "aRs": 1.0740465336353544,
        "b": 0.07613223098993899
      },
      "mcmc_wasserstein_width_fraction": {
        "P": 494233.3298174617,
        "RpRs": 0.7802168864711158,
        "aRs": 0.14424571792185334,
        "b": 0.12865318228734335
      },
      "mcmc_backend": "emcee",
      "mcmc_acceptance_fraction": 0.28965624999999995,
      "mcmc_fixed": {
        "0": 11.098644,
        "1": 0.824218750000001
      }
    },
    {
      "name": "TOI-6054.02",
      "p_detect": 0.9999997615814209,
      "params": {
        "P": {
          "published": 12.563636,
          "post_median": 12.563636275591255,
          "post_std": 1.7763568394002505e-15,
          "z": 155144084.0,
          "frac_err": 2.1935628722918026e-08,
          "in_68": false,
          "in_95": false
        },
        "RpRs": {
          "published": 0.01557,
          "post_median": 0.025300747802099954,
          "post_std": 0.0016159202617323444,
          "z": 6.0217994863608695,
          "frac_err": 0.6249677457996117,
          "in_68": false,
          "in_95": false
        },
        "aRs": {
          "published": 13.99,
          "post_median": 9.626910905126426,
          "post_std": 1.2827056165653867,
          "z": -3.4014734468508214,
          "frac_err": 0.3118719867672319,
          "in_68": false,
          "in_95": false
        },
        "b": {
          "published": 0.28,
          "post_median": 0.35816102005111183,
          "post_std": 0.2192051070284816,
          "z": 0.35656568914225273,
          "frac_err": 0.27914650018254217,
          "in_68": true,