{
  "checkpoint": "/workspace/runs/fmpe_pg_char5_publishable_v2/checkpoints/latest.pt",
  "head": "fmpe",
  "noise_lib": "/workspace/TransitFlow/artifacts/data/noise_lib.npz",
  "noise_lib_available": true,
  "param_names": [
    "P",
    "t0_phase",
    "RpRs",
    "aRs",
    "b",
    "q1",
    "q2"
  ],
  "posterior_param_names": [
    "RpRs",
    "aRs",
    "b",
    "q1",
    "q2"
  ],
  "ephemeris_conditioned": true,
  "characterization_param_names": [
    "RpRs",
    "aRs",
    "b",
    "q1",
    "q2"
  ],
  "detection": {
    "roc_auc": 0.9925602973744739,
    "average_precision": 0.992962243675521
  },
  "sbc_pvalues": [
    0.522438273986263,
    0.5224382739862627,
    0.27767080252733306,
    0.6572779982006443,
    0.34795643547828353
  ],
  "sbc_pvalues_by_param": {
    "RpRs": 0.522438273986263,
    "aRs": 0.5224382739862627,
    "b": 0.27767080252733306,
    "q1": 0.6572779982006443,
    "q2": 0.34795643547828353
  },
  "characterization_sbc_pvalues": [
    0.522438273986263,
    0.5224382739862627,
    0.27767080252733306,
    0.6572779982006443,
    0.34795643547828353
  ],
  "characterization_sbc_pvalues_by_param": {
    "RpRs": 0.522438273986263,
    "aRs": 0.5224382739862627,
    "b": 0.27767080252733306,
    "q1": 0.6572779982006443,
    "q2": 0.34795643547828353
  },
  "coverage_calibration_error": null,
  "characterization_coverage_calibration_error": 0.010842105263157922,
  "coverage_levels": [
    0.05,
    0.1,
    0.15,
    0.2,
    0.25,
    0.3,
    0.35,
    0.39999999999999997,
    0.44999999999999996,
    0.49999999999999994,
    0.5499999999999999,
    0.6,
    0.65,
    0.7,
    0.75,
    0.7999999999999999,
    0.85,
    0.9,
    0.95
  ],
  "coverage_overall": [
    0.05333333333333333,
    0.09866666666666667,
    0.15466666666666667,
    0.2086666666666667,
    0.2633333333333333,
    0.31333333333333335,
    0.36933333333333335,
    0.406,
    0.4686666666666667,
    0.5106666666666667,
    0.56,
    0.6146666666666667,
    0.6706666666666667,
    0.718,
    0.768,
    0.8126666666666666,
    0.8566666666666667,
    0.9059999999999999,
    0.95
  ],
  "characterization_coverage_overall": [
    0.05333333333333333,
    0.09866666666666667,
    0.15466666666666667,
    0.2086666666666667,
    0.2633333333333333,
    0.31333333333333335,
    0.36933333333333335,
    0.406,
    0.4686666666666667,
    0.5106666666666667,
    0.56,
    0.6146666666666667,
    0.6706666666666667,
    0.718,
    0.768,
    0.8126666666666666,
    0.8566666666666667,
    0.9059999999999999,
    0.95
  ],
  "gate_status": {
    "detection_auc_ge_0.99": true,
    "posterior_sbc_p_gt_0.05": true,
    "all_parameter_sbc_p_gt_0.05": null,
    "characterization_sbc_p_gt_0.05": true,
    "coverage_error_le_0.03": null,
    "characterization_coverage_error_le_0.03": true
  }
}