{
  "checkpoint": "/workspace/runs/fmpe_pg_char5_publishable_v2/checkpoints/step_00056000.pt",
  "head": "fmpe",
  "noise_lib": "/workspace/TransitFlow/artifacts/data/noise_lib.npz",
  "noise_lib_available": true,
  "param_names": [
    "P",
    "t0_phase",
    "RpRs",
    "aRs",
    "b",
    "q1",
    "q2"
  ],
  "posterior_param_names": [
    "RpRs",
    "aRs",
    "b",
    "q1",
    "q2"
  ],
  "ephemeris_conditioned": true,
  "characterization_param_names": [
    "RpRs",
    "aRs",
    "b",
    "q1",
    "q2"
  ],
  "detection": {
    "roc_auc": 0.9925362638771194,
    "average_precision": 0.9929429451346526
  },
  "sbc_pvalues": [
    0.011379994676761715,
    0.2286475195552709,
    0.6124390238706325,
    0.5135489419270305,
    0.461120361320823
  ],
  "sbc_pvalues_by_param": {
    "RpRs": 0.011379994676761715,
    "aRs": 0.2286475195552709,
    "b": 0.6124390238706325,
    "q1": 0.5135489419270305,
    "q2": 0.461120361320823
  },
  "characterization_sbc_pvalues": [
    0.011379994676761715,
    0.2286475195552709,
    0.6124390238706325,
    0.5135489419270305,
    0.461120361320823
  ],
  "characterization_sbc_pvalues_by_param": {
    "RpRs": 0.011379994676761715,
    "aRs": 0.2286475195552709,
    "b": 0.6124390238706325,
    "q1": 0.5135489419270305,
    "q2": 0.461120361320823
  },
  "coverage_calibration_error": null,
  "characterization_coverage_calibration_error": 0.01245614035087723,
  "coverage_levels": [
    0.05,
    0.1,
    0.15,
    0.2,
    0.25,
    0.3,
    0.35,
    0.39999999999999997,
    0.44999999999999996,
    0.49999999999999994,
    0.5499999999999999,
    0.6,
    0.65,
    0.7,
    0.75,
    0.7999999999999999,
    0.85,
    0.9,
    0.95
  ],
  "coverage_overall": [
    0.044000000000000004,
    0.10533333333333332,
    0.15066666666666667,
    0.21866666666666665,
    0.2686666666666667,
    0.3173333333333333,
    0.368,
    0.40800000000000003,
    0.4633333333333334,
    0.5146666666666666,
    0.562,
    0.6166666666666667,
    0.6679999999999999,
    0.7146666666666667,
    0.768,
    0.8166666666666668,
    0.8586666666666668,
    0.9100000000000001,
    0.9486666666666667
  ],
  "characterization_coverage_overall": [
    0.044000000000000004,
    0.10533333333333332,
    0.15066666666666667,
    0.21866666666666665,
    0.2686666666666667,
    0.3173333333333333,
    0.368,
    0.40800000000000003,
    0.4633333333333334,
    0.5146666666666666,
    0.562,
    0.6166666666666667,
    0.6679999999999999,
    0.7146666666666667,
    0.768,
    0.8166666666666668,
    0.8586666666666668,
    0.9100000000000001,
    0.9486666666666667
  ],
  "gate_status": {
    "detection_auc_ge_0.99": true,
    "posterior_sbc_p_gt_0.05": false,
    "all_parameter_sbc_p_gt_0.05": null,
    "characterization_sbc_p_gt_0.05": false,
    "coverage_error_le_0.03": null,
    "characterization_coverage_error_le_0.03": true
  }
}